{"butterfly (1).jpg12296":{"filename":"butterfly (1).jpg","size":12296,"regions":[{"shape_attributes":{"name":"polygon","all_points_x":[90,150,178,217,174,107],"all_points_y":[68,133,83,62,38,35]},"region_attributes":{}}],"file_attributes":{}},"butterfly (2).jpg10714":{"filename":"butterfly (2).jpg","size":10714,"regions":[{"shape_attributes":{"name":"polygon","all_points_x":[51,132,222,151,57,51],"all_points_y":[68,145,118,67,53,59]},"region_attributes":{}}],"file_attributes":{}},"butterfly (3).jpg9097":{"filename":"butterfly (3).jpg","size":9097,"regions":[{"shape_attributes":{"name":"polygon","all_points_x":[4,293,285,189,162,65,8],"all_points_y":[142,161,95,48,2,28,32]},"region_attributes":{}}],"file_attributes":{}},"butterfly (4).jpg16074":{"filename":"butterfly (4).jpg","size":16074,"regions":[{"shape_attributes":{"name":"polygon","all_points_x":[38,109,195,226,211,161,87],"all_points_y":[66,148,130,65,35,28,36]},"region_attributes":{}}],"file_attributes":{}},"butterfly (5).jpg11971":{"filename":"butterfly (5).jpg","size":11971,"regions":[{"shape_attributes":{"name":"polygon","all_points_x":[47,110,145,139,120,76],"all_points_y":[123,150,116,56,53,85]},"region_attributes":{}}],"file_attributes":{}},"butterfly (6).jpg7525":{"filename":"butterfly (6).jpg","size":7525,"regions":[{"shape_attributes":{"name":"polygon","all_points_x":[5,83,161,181,103,35],"all_points_y":[57,147,128,54,26,15]},"region_attributes":{}}],"file_attributes":{}},"butterfly (7).jpg8298":{"filename":"butterfly (7).jpg","size":8298,"regions":[{"shape_attributes":{"name":"polygon","all_points_x":[48,89,194,235,244,46],"all_points_y":[64,144,148,81,40,60]},"region_attributes":{}}],"file_attributes":{}},"butterfly (8).jpg9696":{"filename":"butterfly (8).jpg","size":9696,"regions":[{"shape_attributes":{"name":"polygon","all_points_x":[21,131,247,240,131,169,198,90],"all_points_y":[106,157,99,59,59,14,36,6]},"region_attributes":{}}],"file_attributes":{}},"butterfly (9).jpg15257":{"filename":"butterfly (9).jpg","size":15257,"regions":[{"shape_attributes":{"name":"polygon","all_points_x":[81,174,220,139,63],"all_points_y":[96,135,36,7,43]},"region_attributes":{}}],"file_attributes":{}},"butterfly (10).jpg12944":{"filename":"butterfly (10).jpg","size":12944,"regions":[{"shape_attributes":{"name":"polygon","all_points_x":[64,148,233,155,30],"all_points_y":[138,178,110,45,53]},"region_attributes":{}}],"file_attributes":{}},"butterfly (11).jpg12983":{"filename":"butterfly (11).jpg","size":12983,"regions":[{"shape_attributes":{"name":"polygon","all_points_x":[11,52,182,175,165,4],"all_points_y":[57,214,215,92,3,15]},"region_attributes":{}}],"file_attributes":{}},"butterfly (12).jpg6857":{"filename":"butterfly (12).jpg","size":6857,"regions":[{"shape_attributes":{"name":"polygon","all_points_x":[29,15,69,98,106,64,41],"all_points_y":[24,75,100,80,56,8,7]},"region_attributes":{}}],"file_attributes":{}},"butterfly (14).jpg9564":{"filename":"butterfly (14).jpg","size":9564,"regions":[{"shape_attributes":{"name":"polygon","all_points_x":[19,36,117,154,166,95],"all_points_y":[31,114,117,108,27,19]},"region_attributes":{}}],"file_attributes":{}},"butterfly (15).jpg16548":{"filename":"butterfly (15).jpg","size":16548,"regions":[{"shape_attributes":{"name":"polygon","all_points_x":[6,75,189,201,179,55],"all_points_y":[88,198,165,87,12,32]},"region_attributes":{}}],"file_attributes":{}},"butterfly (16).jpg7159":{"filename":"butterfly (16).jpg","size":7159,"regions":[{"shape_attributes":{"name":"polygon","all_points_x":[11,28,120,188,185,17],"all_points_y":[57,150,176,120,78,20]},"region_attributes":{}}],"file_attributes":{}},"butterfly (17).jpg8732":{"filename":"butterfly (17).jpg","size":8732,"regions":[{"shape_attributes":{"name":"polygon","all_points_x":[27,39,199,222,226,101,24],"all_points_y":[17,170,180,111,2,3,5]},"region_attributes":{}}],"file_attributes":{}},"butterfly (18).jpg11135":{"filename":"butterfly (18).jpg","size":11135,"regions":[{"shape_attributes":{"name":"polygon","all_points_x":[9,130,171,176,112,44,11],"all_points_y":[94,157,126,41,24,27,74]},"region_attributes":{}}],"file_attributes":{}},"butterfly (19).jpg15025":{"filename":"butterfly (19).jpg","size":15025,"regions":[{"shape_attributes":{"name":"polygon","all_points_x":[111,177,207,190,146,125,113,125],"all_points_y":[157,143,83,9,23,86,125,67]},"region_attributes":{}}],"file_attributes":{}},"butterfly (20).jpg9878":{"filename":"butterfly (20).jpg","size":9878,"regions":[{"shape_attributes":{"name":"polygon","all_points_x":[8,75,181,243,235,144,12],"all_points_y":[53,145,155,99,62,45,28]},"region_attributes":{}}],"file_attributes":{}},"butterfly (21).jpg7079":{"filename":"butterfly (21).jpg","size":7079,"regions":[{"shape_attributes":{"name":"polygon","all_points_x":[20,55,227,274,92,39],"all_points_y":[80,166,162,19,2,13]},"region_attributes":{}}],"file_attributes":{}},"butterfly (22).jpg6019":{"filename":"butterfly (22).jpg","size":6019,"regions":[{"shape_attributes":{"name":"polygon","all_points_x":[38,94,170,231,200,102,42],"all_points_y":[77,142,152,99,65,50,62]},"region_attributes":{}}],"file_attributes":{}},"butterfly (23).jpg12239":{"filename":"butterfly (23).jpg","size":12239,"regions":[{"shape_attributes":{"name":"polygon","all_points_x":[81,143,253,272,162,77],"all_points_y":[42,138,136,110,37,25]},"region_attributes":{}}],"file_attributes":{}},"butterfly (24).jpg7286":{"filename":"butterfly (24).jpg","size":7286,"regions":[{"shape_attributes":{"name":"polygon","all_points_x":[84,164,190,155,89],"all_points_y":[76,106,89,53,49]},"region_attributes":{}}],"file_attributes":{}},"butterfly (25).jpg14519":{"filename":"butterfly (25).jpg","size":14519,"regions":[{"shape_attributes":{"name":"polygon","all_points_x":[124,97,162,215,201],"all_points_y":[39,162,169,109,70]},"region_attributes":{}}],"file_attributes":{}},"butterfly (26).jpg2424":{"filename":"butterfly (26).jpg","size":2424,"regions":[{"shape_attributes":{"name":"polygon","all_points_x":[6,7,65,42,62,45,2,89,69,48,74,56,23,2,5],"all_points_y":[4,7,93,58,89,89,88,13,84,49,59,67,-1,55,71]},"region_attributes":{}}],"file_attributes":{}},"butterfly (27).jpg5783":{"filename":"butterfly (27).jpg","size":5783,"regions":[{"shape_attributes":{"name":"polygon","all_points_x":[195,55,250,271,253],"all_points_y":[2,139,168,89,1]},"region_attributes":{}}],"file_attributes":{}},"butterfly (28).jpg8696":{"filename":"butterfly (28).jpg","size":8696,"regions":[{"shape_attributes":{"name":"polygon","all_points_x":[1,103,249,239,243,234,205,155,98],"all_points_y":[130,1,5,42,123,165,178,192,186]},"region_attributes":{}}],"file_attributes":{}},"butterfly (29).jpg4842":{"filename":"butterfly (29).jpg","size":4842,"regions":[{"shape_attributes":{"name":"polygon","all_points_x":[31,174,161,113,29,17,24,153,25],"all_points_y":[74,68,166,203,179,125,86,173,85]},"region_attributes":{}}],"file_attributes":{}},"butterfly (30).jpg4231":{"filename":"butterfly (30).jpg","size":4231,"regions":[{"shape_attributes":{"name":"polygon","all_points_x":[6,2,53,81,98,98,14],"all_points_y":[4,77,98,99,48,20,2]},"region_attributes":{}}],"file_attributes":{}},"butterfly (31).jpg11024":{"filename":"butterfly (31).jpg","size":11024,"regions":[{"shape_attributes":{"name":"polygon","all_points_x":[9,78,185,270,254,187,139,9],"all_points_y":[35,170,179,144,101,43,12,15]},"region_attributes":{}}],"file_attributes":{}},"butterfly (32).jpg6903":{"filename":"butterfly (32).jpg","size":6903,"regions":[{"shape_attributes":{"name":"polygon","all_points_x":[47,46,161,223,151,129],"all_points_y":[10,159,172,80,36,61]},"region_attributes":{}}],"file_attributes":{}},"butterfly (33).jpg8705":{"filename":"butterfly (33).jpg","size":8705,"regions":[{"shape_attributes":{"name":"polygon","all_points_x":[40,133,196,213,199,138,52],"all_points_y":[157,168,116,55,38,57,121]},"region_attributes":{}}],"file_attributes":{}},"butterfly (34).jpg8512":{"filename":"butterfly (34).jpg","size":8512,"regions":[{"shape_attributes":{"name":"polygon","all_points_x":[73,100,158,204,204,83],"all_points_y":[58,120,132,108,91,58]},"region_attributes":{}}],"file_attributes":{}},"butterfly (35).jpg4198":{"filename":"butterfly (35).jpg","size":4198,"regions":[{"shape_attributes":{"name":"polygon","all_points_x":[133,30,81,229,270,268,253],"all_points_y":[2,84,171,165,97,17,-1]},"region_attributes":{}}],"file_attributes":{}},"butterfly (36).jpg7596":{"filename":"butterfly (36).jpg","size":7596,"regions":[{"shape_attributes":{"name":"polygon","all_points_x":[38,82,133,165,47],"all_points_y":[61,122,114,47,55]},"region_attributes":{}}],"file_attributes":{}},"butterfly (37).jpg13580":{"filename":"butterfly (37).jpg","size":13580,"regions":[{"shape_attributes":{"name":"polygon","all_points_x":[222,253,207,197,158,156,178,189,100],"all_points_y":[6,89,168,173,126,73,37,22,88]},"region_attributes":{}}],"file_attributes":{}},"butterfly (39).jpg6381":{"filename":"butterfly (39).jpg","size":6381,"regions":[{"shape_attributes":{"name":"polygon","all_points_x":[68,160,238,250,165,78],"all_points_y":[142,189,161,53,79,115]},"region_attributes":{}}],"file_attributes":{}},"butterfly (40).jpg10599":{"filename":"butterfly (40).jpg","size":10599,"regions":[{"shape_attributes":{"name":"polygon","all_points_x":[98,150,233,157,115,95],"all_points_y":[142,182,153,54,42,101]},"region_attributes":{}}],"file_attributes":{}},"butterfly (41).jpg2333":{"filename":"butterfly (41).jpg","size":2333,"regions":[{"shape_attributes":{"name":"polygon","all_points_x":[97,77,17,2,10,55,55,48],"all_points_y":[25,82,83,34,12,17,31,32]},"region_attributes":{}}],"file_attributes":{}},"butterfly (42).jpg10479":{"filename":"butterfly (42).jpg","size":10479,"regions":[{"shape_attributes":{"name":"polygon","all_points_x":[208,27,110,160,226],"all_points_y":[18,71,144,137,50]},"region_attributes":{}}],"file_attributes":{}},"butterfly (43).jpg12544":{"filename":"butterfly (43).jpg","size":12544,"regions":[{"shape_attributes":{"name":"polygon","all_points_x":[222,89,136,255,280,284,260],"all_points_y":[2,105,132,133,112,61,2]},"region_attributes":{}}],"file_attributes":{}},"butterfly (44).jpg4184":{"filename":"butterfly (44).jpg","size":4184,"regions":[{"shape_attributes":{"name":"polygon","all_points_x":[6,104,146,126,77,22],"all_points_y":[42,4,17,72,89,86]},"region_attributes":{}}],"file_attributes":{}},"butterfly (45).jpg11623":{"filename":"butterfly (45).jpg","size":11623,"regions":[{"shape_attributes":{"name":"polygon","all_points_x":[69,9,74,137,168,142],"all_points_y":[2,91,150,141,67,24]},"region_attributes":{}}],"file_attributes":{}},"butterfly (46).jpg13425":{"filename":"butterfly (46).jpg","size":13425,"regions":[{"shape_attributes":{"name":"polygon","all_points_x":[10,34,137,164,62,20],"all_points_y":[24,127,105,93,30,19]},"region_attributes":{}}],"file_attributes":{}},"butterfly (47).jpg7700":{"filename":"butterfly (47).jpg","size":7700,"regions":[{"shape_attributes":{"name":"polygon","all_points_x":[85,160,89,21,57],"all_points_y":[21,88,138,114,17]},"region_attributes":{}}],"file_attributes":{}},"butterfly (48).jpg9758":{"filename":"butterfly (48).jpg","size":9758,"regions":[{"shape_attributes":{"name":"polygon","all_points_x":[18,11,138,242,240,187,126,74,18],"all_points_y":[119,122,178,88,64,51,12,28,107]},"region_attributes":{}}],"file_attributes":{}},"butterfly (49).jpg5674":{"filename":"butterfly (49).jpg","size":5674,"regions":[{"shape_attributes":{"name":"polygon","all_points_x":[116,221,147,105,93],"all_points_y":[24,96,126,96,25]},"region_attributes":{}}],"file_attributes":{}},"butterfly (51).jpg12769":{"filename":"butterfly (51).jpg","size":12769,"regions":[{"shape_attributes":{"name":"polygon","all_points_x":[119,168,102,25,22,46],"all_points_y":[15,124,171,149,91,51]},"region_attributes":{}}],"file_attributes":{}},"butterfly (52).jpg14655":{"filename":"butterfly (52).jpg","size":14655,"regions":[{"shape_attributes":{"name":"polygon","all_points_x":[80,112,220,297,281,213,133,95,84],"all_points_y":[6,138,139,96,28,3,1,2,3]},"region_attributes":{}}],"file_attributes":{}},"butterfly (53).jpg9810":{"filename":"butterfly (53).jpg","size":9810,"regions":[{"shape_attributes":{"name":"polygon","all_points_x":[183,204,225,196,235,249,96,65,63,66,73,76,87,92,101,104,118,123,123,127,112,111,111,111,119,123,146,154,176,183],"all_points_y":[8,45,68,89,136,154,160,107,84,68,60,54,46,43,42,41,48,48,49,45,29,24,21,19,9,6,1,2,-1,4]},"region_attributes":{}}],"file_attributes":{}},"butterfly (54).jpg9549":{"filename":"butterfly (54).jpg","size":9549,"regions":[{"shape_attributes":{"name":"polygon","all_points_x":[45,108,107,134,143,186,247,290,181,153,61,48,44,45,52],"all_points_y":[96,111,153,147,134,135,145,55,28,15,42,91,91,80,73]},"region_attributes":{}}],"file_attributes":{}},"butterfly (55).jpg7317":{"filename":"butterfly (55).jpg","size":7317,"regions":[{"shape_attributes":{"name":"polygon","all_points_x":[146,104,111,188,258,177,165,162,162],"all_points_y":[2,112,143,129,54,65,7,4,3]},"region_attributes":{}}],"file_attributes":{}},"butterfly (56).jpg10361":{"filename":"butterfly (56).jpg","size":10361,"regions":[{"shape_attributes":{"name":"polygon","all_points_x":[19,89,133,183,187,151,51,21,181],"all_points_y":[47,174,163,86,24,20,26,36,26]},"region_attributes":{}}],"file_attributes":{}},"butterfly (57).jpg10362":{"filename":"butterfly (57).jpg","size":10362,"regions":[{"shape_attributes":{"name":"polygon","all_points_x":[57,130,187,221,175,132,58],"all_points_y":[92,148,131,58,50,47,83]},"region_attributes":{}}],"file_attributes":{}},"butterfly (58).jpg9688":{"filename":"butterfly (58).jpg","size":9688,"regions":[{"shape_attributes":{"name":"polygon","all_points_x":[103,261,242,200,157,67],"all_points_y":[20,71,114,132,144,78]},"region_attributes":{}}],"file_attributes":{}},"butterfly (60).jpg16984":{"filename":"butterfly (60).jpg","size":16984,"regions":[{"shape_attributes":{"name":"polygon","all_points_x":[44,112,194,230,272,272,157,61],"all_points_y":[24,135,156,129,122,96,57,9]},"region_attributes":{}}],"file_attributes":{}},"butterfly (61).jpg7135":{"filename":"butterfly (61).jpg","size":7135,"regions":[{"shape_attributes":{"name":"polygon","all_points_x":[83,158,218,209,182,161,153,164],"all_points_y":[78,118,79,-1,4,49,20,16]},"region_attributes":{}}],"file_attributes":{}},"butterfly (62).jpg8083":{"filename":"butterfly (62).jpg","size":8083,"regions":[{"shape_attributes":{"name":"polygon","all_points_x":[50,113,177,224,191,129,72,53],"all_points_y":[95,135,125,84,56,62,66,85]},"region_attributes":{}}],"file_attributes":{}},"butterfly (63).jpg12958":{"filename":"butterfly (63).jpg","size":12958,"regions":[{"shape_attributes":{"name":"polygon","all_points_x":[17,36,96,186,210,237,230,160,81,13],"all_points_y":[75,109,183,166,109,68,47,15,26,62]},"region_attributes":{}}],"file_attributes":{}},"butterfly (64).jpg10260":{"filename":"butterfly (64).jpg","size":10260,"regions":[{"shape_attributes":{"name":"polygon","all_points_x":[4,76,192,221,222,6,4,0],"all_points_y":[86,197,184,66,25,59,64,58]},"region_attributes":{}}],"file_attributes":{}},"butterfly (65).jpg15066":{"filename":"butterfly (65).jpg","size":15066,"regions":[{"shape_attributes":{"name":"polygon","all_points_x":[236,152,145,75,164],"all_points_y":[63,145,145,43,46]},"region_attributes":{}}],"file_attributes":{}},"butterfly (66).jpg7384":{"filename":"butterfly (66).jpg","size":7384,"regions":[{"shape_attributes":{"name":"polygon","all_points_x":[124,124,205,74,65,33,112],"all_points_y":[33,25,176,193,119,108,25]},"region_attributes":{}}],"file_attributes":{}},"butterfly (69).jpg6622":{"filename":"butterfly (69).jpg","size":6622,"regions":[{"shape_attributes":{"name":"polygon","all_points_x":[46,116,206,262,155,119],"all_points_y":[91,161,156,76,12,20]},"region_attributes":{}}],"file_attributes":{}},"butterfly (70).jpg3308":{"filename":"butterfly (70).jpg","size":3308,"regions":[{"shape_attributes":{"name":"polygon","all_points_x":[5,84,97,97,7,3,1,1,1,0,93,98],"all_points_y":[88,99,67,34,4,16,43,55,66,72,26,19]},"region_attributes":{}}],"file_attributes":{}},"butterfly (71).jpg6529":{"filename":"butterfly (71).jpg","size":6529,"regions":[{"shape_attributes":{"name":"polygon","all_points_x":[93,35,49,120,155],"all_points_y":[36,96,135,129,109]},"region_attributes":{}}],"file_attributes":{}},"butterfly (72).jpg17388":{"filename":"butterfly (72).jpg","size":17388,"regions":[{"shape_attributes":{"name":"polygon","all_points_x":[94,124,200,202,112],"all_points_y":[47,137,111,70,49]},"region_attributes":{}}],"file_attributes":{}},"butterfly (73).jpg15037":{"filename":"butterfly (73).jpg","size":15037,"regions":[{"shape_attributes":{"name":"polygon","all_points_x":[103,235,281,254,186,118],"all_points_y":[70,12,44,136,164,128]},"region_attributes":{}}],"file_attributes":{}},"butterfly (74).jpg4941":{"filename":"butterfly (74).jpg","size":4941,"regions":[{"shape_attributes":{"name":"polygon","all_points_x":[28,236,178,89,45],"all_points_y":[17,55,170,184,135]},"region_attributes":{}}],"file_attributes":{}},"butterfly (75).jpg7434":{"filename":"butterfly (75).jpg","size":7434,"regions":[{"shape_attributes":{"name":"polygon","all_points_x":[238,166,72,2,8,128,200],"all_points_y":[1,168,166,25,16,76,1]},"region_attributes":{}}],"file_attributes":{}},"butterfly (76).jpg8705":{"filename":"butterfly (76).jpg","size":8705,"regions":[{"shape_attributes":{"name":"polygon","all_points_x":[80,12,89,134,166,160,53,95],"all_points_y":[36,147,225,219,147,73,74,52]},"region_attributes":{}}],"file_attributes":{}},"butterfly (77).jpg9297":{"filename":"butterfly (77).jpg","size":9297,"regions":[{"shape_attributes":{"name":"polygon","all_points_x":[7,164,76,12,40,42,69],"all_points_y":[11,73,153,63,131,137,150]},"region_attributes":{}}],"file_attributes":{}},"butterfly (78).jpg7424":{"filename":"butterfly (78).jpg","size":7424,"regions":[{"shape_attributes":{"name":"polygon","all_points_x":[46,40,186,136,77,50],"all_points_y":[43,41,88,168,158,102]},"region_attributes":{}}],"file_attributes":{}},"butterfly (79).jpg9778":{"filename":"butterfly (79).jpg","size":9778,"regions":[{"shape_attributes":{"name":"polygon","all_points_x":[117,201,203,151,121,105],"all_points_y":[14,105,120,127,106,23]},"region_attributes":{}}],"file_attributes":{}},"butterfly (80).jpg7262":{"filename":"butterfly (80).jpg","size":7262,"regions":[{"shape_attributes":{"name":"polygon","all_points_x":[118,194,193,109,35,21,96],"all_points_y":[-1,109,162,180,184,91,2]},"region_attributes":{}}],"file_attributes":{}},"butterfly (99).jpg9203":{"filename":"butterfly (99).jpg","size":9203,"regions":[{"shape_attributes":{"name":"polygon","all_points_x":[19,186,160,74,32,6,8],"all_points_y":[27,69,155,171,120,45,36]},"region_attributes":{}}],"file_attributes":{}},"butterfly (100).jpg8831":{"filename":"butterfly (100).jpg","size":8831,"regions":[{"shape_attributes":{"name":"polygon","all_points_x":[45,139,195,266,267,102,52],"all_points_y":[76,161,152,72,27,42,71]},"region_attributes":{}}],"file_attributes":{}},"butterfly (101).jpg7733":{"filename":"butterfly (101).jpg","size":7733,"regions":[{"shape_attributes":{"name":"polygon","all_points_x":[89,246,249,48,8],"all_points_y":[197,191,51,3,65]},"region_attributes":{}}],"file_attributes":{}},"butterfly (102).jpg10048":{"filename":"butterfly (102).jpg","size":10048,"regions":[{"shape_attributes":{"name":"polygon","all_points_x":[218,176,136,36,54,73,126,203],"all_points_y":[39,142,156,126,93,58,27,34]},"region_attributes":{}}],"file_attributes":{}},"butterfly (103).jpg9342":{"filename":"butterfly (103).jpg","size":9342,"regions":[{"shape_attributes":{"name":"polygon","all_points_x":[78,205,164,99,62,57,59],"all_points_y":[42,65,154,170,150,53,47]},"region_attributes":{}}],"file_attributes":{}},"butterfly (104).jpg15087":{"filename":"butterfly (104).jpg","size":15087,"regions":[{"shape_attributes":{"name":"polygon","all_points_x":[33,90,174,272,213,183,128,55],"all_points_y":[24,128,148,84,41,6,6,4]},"region_attributes":{}}],"file_attributes":{}}}